Report generated on: 12-09-2022 13:21:20,,,,,,,,,,,,,,,,,,,,,,,,,,,,,,,,,,,,,,,,,,,
API,,1980,1981,1982,1983,1984,1985,1986,1987,1988,1989,1990,1991,1992,1993,1994,1995,1996,1997,1998,1999,2000,2001,2002,2003,2004,2005,2006,2007,2008,2009,2010,2011,2012,2013,2014,2015,2016,2017,2018,2019,2020,2021
,dry natural gas consumption (bcf),,,,,,,,,,,,,,,,,,,,,,,,,,,,,,,,,,,,,,,,,,
INTL.26-2-WORL-BCF.A,    World,52922.23848,53524.67675,53643.1437,54635.21427,59687.50427,62165.77219,63145.57905,66249.86511,69563.73142,72674.81086,73270.45708,75056.23351,75231.44273,77202.4496,76953.2959,78968.55387,80785.91561,81170.26047,81681.80486,83767.69098,86985.89933,87174.62683,91206.66196,93733.7289,96392.17218,99106.86431,102523.495,106083.2763,109279.4725,105709.5506,115655.655,119090.2475,121740.357,123444.6173,123677.6884,125487.0592,128072.9951,131647.8144,138329.8855,140542.7814,137862.2718,144658.8141
INTL.26-2-AFG-BCF.A,        Afghanistan,2,3,5,5,5,0,0,22,70,68,67,11,10.5945,10.5945,10.59,7.06,8.12245,8.12245,8.12245,8.12245,8.12245,1.76575,1.76575,0.7063,0.7063,0.7063,0.7063,1.4126,1.76575,1.05945,5.01115593,5.69979258,5.66094641,5.45612115,5.01115593,5.16300914,5.83751991,5.51262467,5.41021204,4.54500189,2.83223894,se|2.8
INTL.26-2-ALB-BCF.A,        Albania,10,11,10,11,11,10,14,16,25,25,9,5,3.602,1.059,1.06,1.06,1.05945,0.7063,1.05945,0.7063,1.05945,1.05945,1.05945,1.05945,1.05945,1.05945,1.05945,0.35315,1.05945,1.05945,0.35315,0.35315,0.600355,0.670985,1.13008,1.236025,1.5891615,1.765735,1.515804683,2.752030114,1.968859441,2.082494209
INTL.26-2-DZA-BCF.A,        Algeria,460,346,553,656,680,584,602,656,712,660,681,775,730,655.093,690.41,741.97,762.0977,711.9504,736.31775,752.56265,726.0764,721.8386,720.77915,724.6638,680.8732,846.323975,904.064,934.328955,977.342625,1015.51814,1017.7783,1161.1572,1265.83086,1163.55862,1380.993075,1399.215615,1404.406876,1457.626129,1582.370881,1633.622622,1578.376311,1664.064837
INTL.26-2-ASM-BCF.A,        American Samoa,0,0,0,0,0,0,0,0,0,0,0,0,0,0,0,0,0,0,0,0,0,0,0,0,0,0,0,0,0,0,0,0,0,0,0,0,0,0,0,0,0,0
INTL.26-2-ASM-BCF.A,        Andorra,--,--,--,--,--,--,--,--,--,--,--,--,--,--,--,--,--,--,--,--,--,--,--,--,--,--,--,--,--,--,--,--,--,--,--,--,--,--,--,--,--,--
INTL.26-2-AGO-BCF.A,        Angola,9.2,8.8,10,12,12,13,14,16,18,15,19,20,20.12955,19.7764,18.36,19.7764,19.7764,20.12955,20.4827,19.7764,20.12955,18.71695,21.8953,22.95475,26.48625,22.95475,24.0142,29.31145,24.0142,24.36735,25.92121,26.55688,26.8394,14.40852,8.157765,27.298495,28.357936,28.711083,40.77052,45.6911,46.74551,32.33524
INTL.26-2-ATA-BCF.A,        Antarctica,0,0,0,0,0,0,0,0,0,0,0,0,0,0,0,0,0,0,0,0,0,0,0,0,0,0,0,0,0,0,0,0,0,0,0,0,0,0,0,0,0,0
INTL.26-2-ATG-BCF.A,        Antigua and Barbuda,0,0,0,0,0,0,0,0,0,0,0,0,0,0,0,0,0,0,0,0,0,0,0,0,0,0,0,0,0,0,0,0,0,0,0,0,0,0,0,0,0,0
INTL.26-2-ARG-BCF.A,        Argentina,359,362,456,449,572,578,625,605,713,801,716.54,780.81,787.17,833.085,856.39,953.15,1010.36215,1007.8901,1077.46065,1142.7934,1172.81115,1102.5343,1068.98505,1221.1927,1338.79165,1428.1386,1474.7544,1551.0348,1568.33915,1523.4891,1528.78635,1629.08095,1640.0286,1648.256995,1662.55957,1659.45185,1710.269703,1732.235447,1828.09989,1894.893096,1769.292865,1745.993911
INTL.26-2-ARM-BCF.A,        Armenia,--,--,--,--,--,--,--,--,--,--,--,--,65.6859,49.44,56.5,56.5,63.57,45.9095,49.441,45.55635,49.79415,49.441,38.49335,46.6158,46.96895,60.0355,60.0355,72.53701,68.15795,54.73825,64.2733,73.10205,86.52175,85.10915,88.2875,72.39575,78.2573752,83.1308038,87.65844034,88.21622626,89.85467123,97.68623362
INTL.26-2-ABW-BCF.A,        Aruba,--,--,--,--,--,--,0,0,0,0,0,0,0,0,0,0,0,0,0,0,0,0,0,0,0,0,0,0,0,0,0,0,0,0,0,0,0,0,0,0,0,0
INTL.26-2-AUS-BCF.A,        Australia,322,368,407,413,440,463,516,532,555,570,625,584,603.709925,630.16,661.30869,709.69024,719.189975,717.989265,751.64446,759.095925,796.953605,841.097355,923.76977,969.855845,1004.111395,1014.140855,1019.12027,1132.1989,1153.493845,1211.86954,1226.91373,1246.47824,1291.89333,1332.36432,1360.157225,1406.9496,1528.490845,1597.95486,1585.731582,1619.049889,1588.576895,1508.344617
INTL.26-2-AUT-BCF.A,        Austria,186,159,154,157,175,188,182,190,181,195,215,228,223.8971,235.48,242.37,262.04,281.495865,271.28983,278.529405,284.56827,271.78424,287.81725,291.06623,314.72728,310.98389,353.538465,331.996315,313.10279,330.83092,318.5413,349.47724,329.8421,315.22169,303.49711,277.046175,295.621865,308.7211074,335.1011883,312.1973397,326.0677166,308.4885228,326.6560639
INTL.26-2-AZE-BCF.A,        Azerbaijan,--,--,--,--,--,--,--,--,--,--,--,--,522.66,388.47,331.96,317.84,328.43,323.4854,197.41085,211.89,199.8829,237.3168,319.9539,324.898,351.0311,366.5697,399.0595,313.5972,351.0311,344.6744,368.6886,328.78265,372.57325,334.43305,354.20945,384.2272,376.8817424,365.4750943,372.5466707,404.9777136,409.0653097,440.5545546
INTL.26-2-BHR-BCF.A,        Bahrain,100,120,130,140,133,164,180,217,182,186,205,233,187.8758,233.7853,229.19,229.19,232.01955,281.46055,292.76135,296.99915,302.64955,314.3035,334.0799,339.7303,344.32125,378.22365,400.11895,416.0107,438.25915,440.7312,450.97255,445.6753,483.8155,554.4455,547.3825,547.3825,541.379001,561.1199183,567.1121576,624.6792318,623.4358261,655.1690602
INTL.26-2-BGD-BCF.A,        Bangladesh,50,60,65,69,95,100,113,131,150,164,162,173,206.2396,215.77,234.84,260.27,269.45345,269.45345,289.583,319.60075,342.5555,363.7445,391.9965,429.07725,462.6265,494.41,541.0258,574.57505,632.1385,692.174,710.89095,710.18465,777.98945,805.182,844.0285,948.6090665,1039.191272,1042.864001,1008.303159,1121.016785,1079.096069,1121.962086
INTL.26-2-BRB-BCF.A,        Barbados,0.4,0.4,0.4,0.4,0.4,0.4,0.4,0.4,0.9,1,1.20071,1.165395,1.69512,1.659805,1.62449,1.659805,1.589175,1.518545,1.306655,1.659805,1.338869341,1.13008,1.024135,1.024135,1.05945,0.930600191,0.948705253,0.665361032,0.601088061,0.576646227,0.570309456,0.582982999,0.667171538,0.782138682,0.50151022,0.626435148,0.70605,0.769222368,0.716891786,0.739609219,0.767861,0.823861
INTL.26-2-BLR-BCF.A,        Belarus,--,--,--,--,--,--,--,--,--,--,--,--,645.91,599.65,497.59,452.03,494.41,533.2565,544.91045,607.77115,692.209315,635.67,598.2361,634.2574,579.166,716.8945,740.55555,733.1394,750.51438,626.84125,763.757505,743.38075,732.07995,717.17702,709.1252,612.00895,607.8771301,625.428536,663.4437056,658.2524907,609.4678719,643.7751276
INTL.26-2-BEL-BCF.A,        Belgium,371,341,282,297,306,306,272,304,299,332,340.61,363.32,374.44,391.85,400.65,443.24,492.679565,469.97202,517.57664,551.05526,553.845145,546.782145,563.521455,600.355,611.79706,601.41445,619.036635,623.6629,619.4251,625.49928,728.47782,629.45456,632.456335,641.10851,562.14417,605.15784,615.2225295,622.2148401,641.113382,646.0831678,642.4419386,641.5175725
INTL.26-2-BLZ-BCF.A,        Belize,0,0,0,0,0,0,0,0,0,0,0,0,0,0,0,0,0,0,0,0,0,0,0,0,0,0,0,0,0,0,0,0,0,0,0,0,0,0,0,0,0,0
INTL.26-2-BEN-BCF.A,        Benin,0,0,0,0,0,0,0,0,0,0,0,0,0,0,0,0,0,0,0,0,0,0,0,0,0,0,0,0,0,0,0,0,0,0.386617,1.05441,1.124704,0.070294,1.411819843,0.673275932,1.968513176,5.793807215,se|6.1
INTL.26-2-BMU-BCF.A,        Bermuda,0,0,0,0,0,0,0,0,0,0,0,0,0,0,0,0,0,0,0,0,0,0,0,0,0,0,0,0,0,0,0,0,0,0,0,0,0,0,0,0,0,0
INTL.26-2-BTN-BCF.A,        Bhutan,0,0,0,0,0,0,0,0,0,0,0,0,0,0,0,0,0,0,0,0,0,0,0,0,0,0,0,0,0,0,0,0,0,0,0,0,0,0,0,0,0,0
INTL.26-2-BOL-BCF.A,        Bolivia,14,21,12,15,14,11,14,14,19,26,30,26,32,30.02,34.96,43.44,37.08075,47.3221,30.72405,31.7835,44.4969,28.9583,36.0213,79.1056,75.5741,74.51465,84.756,88.64065,101.389365,99.94145,96.0568,84.756,112.65485,119.01155,112.93737,95.3505,112.5840736,112.4428148,113.6374621,108.4919842,86.983091,106.7049248
INTL.26-2-BIH-BCF.A,        Bosnia and Herzegovina,--,--,--,--,--,--,--,--,--,--,--,--,17.68,14.15967339,14.63,86.52,4.9441,4.9441,7.063,7.063,10.5945,10.5945,5.6504,5.6504,10.5945,14.126,14.126,11.3008,10.94765,7.41615,8.12245,9.1819,8.4756,8.4756,5.968235,7.063,7.3808323,8.0164969,8.002688893,7.707649087,6.893925571,7.955800566
INTL.26-2-BWA-BCF.A,        Botswana,0,0,0,0,0,0,0,0,0,0,0,0,0,0,0,0,0,0,0,0,0,0,0,0,0,0,0,0,0,0,0,0,0,0,0,0,0,0,0,0,0,0
INTL.26-2-BRA-BCF.A,        Brazil,42,42,46,57,74,92,90,105,97,123,97,118.86,130.31235,146,152.2,159.27,178.34075,194.9388,204.827,230.9601,333.3736,396.2343,472.86785,499.3541,608.1243,657.21215,682.9921,701.3559,835.19975,729.3700755,969.8982036,968.4639045,1143.978894,1346.480433,1424.531149,1504.086657,1292.491729,1317.957564,1255.561142,1244.956772,1173.078764,1437.248767
INTL.26-2-VGB-BCF.A,        British Virgin Islands,0,0,0,0,0,0,0,0,0,0,0,0,0,0,0,0,0,0,0,0,0,0,0,0,0,0,0,0,0,0,0,0,0,0,0,0,0,0,0,0,0,0
INTL.26-2-BRN-BCF.A,        Brunei,60,62,70,52,44,53,33,57,48,57,46,30,35,28.605,24.72,34.26,27.5457,31.0772,26.8394,36.7276,38.8465,47.67525,58.97605,61.09495,70.63,82.99025,140.90685,144.826815,148.323,87.93435,104.88555,106.6513,104.17925,94.99735,112.65485,122.8962,134.6559951,138.9290738,144.0281032,136.6472332,147.1561862,120.9613336
INTL.26-2-BGR-BCF.A,        Bulgaria,180,166,180,184,181,219,225,223,221,223,241.495,185.0660877,195.6451,171.98405,168.1,208.36,218.6,181.5191,134.9033,119.01155,113.7143,103.1198,109.7348319,106.6437099,110.4582314,121.929703,125.7545141,118.30525,113.36115,73.10205,89.7001,111.5954,105.1320412,105.062125,101.0009,111.2908973,112.300746,116.9976011,110.5152957,103.4507486,105.3834487,119.2654944
INTL.26-2-BFA-BCF.A,        Burkina Faso,0,0,0,0,0,0,0,0,0,0,0,0,0,0,0,0,0,0,0,0,0,0,0,0,0,0,0,0,0,0,0,0,0,0,0,0,0,0,0,0,0,0
INTL.26-2-MMR-BCF.A,        Burma,11,12,16,19,23,28,38,40,37,38,38,36.40711045,35.85,38.846,50.5,57.92,56.504,53.32565,62.1544,57.56345,65.6859,69.2174,77.693,88.64065,94.29105,146.2041,127.8403,145.4978,135.96275,114.77375,114.4206,117.9521,123.6025,128.19345,121.4836,126.78085,155.5976452,159.0231711,146.0988679,129.3331384,142.0577337,141.3674511
INTL.26-2-BDI-BCF.A,        Burundi,0,0,0,0,0,0,0,0,0,0,0,0,0,0,0,0,0,0,0,0,0,0,0,0,0,0,0,0,0,0,0,0,0,0,0,0,0,0,0,0,0,0
INTL.26-2-CPV-BCF.A,        Cabo Verde,0,0,0,0,0,0,0,0,0,0,0,0,0,0,0,0,0,0,0,0,0,0,0,0,0,0,0,0,0,0,0,0,0,0,0,0,0,0,0,0,0,0
INTL.26-2-KHM-BCF.A,        Cambodia,0,0,0,0,0,0,0,0,0,0,0,0,0,0,0,0,0,0,0,0,0,0,0,0,0,0,0,0,0,0,0,0,0,0,0,0,0,0,0,0,0,0
INTL.26-2-CMR-BCF.A,        Cameroon,0,0,0,0,0,0,0,0,0,0,0,0,0,0,0,0,0,0,0,0,0,0,0,0,0,0.7063,0.7063,0.7063,0.7063,0.7063,7.41615,5.29725,9.60568,10.94765,16.562735,18.320085,19.55023,21.63869989,27.89577971,26.37739416,32.41480523,25.244044
INTL.26-2-CAN-BCF.A,        Canada,1883,1842,1859,1863,2017,2165,2130,2112,2331,2427,2377.62,2400.48,2595.69,2690.715,2737.59,2872.48,2917.195575,2887.248455,2797.51304,3107.543425,2991.357075,3121.42222,3173.4059,3372.93565,3340.975575,3144.09445,3283.09429,3050.5097,2937.14855,3111.60465,3436.467335,3556.326445,3717.292215,3960.78914,4099.71835,4053.420385,3910.671246,4143.821749,4415.077297,4358.606539,4221.312403,4367.408636
INTL.26-2-CYM-BCF.A,        Cayman Islands,0,0,0,0,0,0,0,0,0,0,0,0,0,0,0,0,0,0,0,0,0,0,0,0,0,0,0,0,0,0,0,0,0,0,0,0,0,0,0,0,0,0
INTL.26-2-CAF-BCF.A,        Central African Republic,0,0,0,0,0,0,0,0,0,0,0,0,0,0,0,0,0,0,0,0,0,0,0,0,0,0,0,0,0,0,0,0,0,0,0,0,0,0,0,0,0,0
INTL.26-2-TCD-BCF.A,        Chad,0,0,0,0,0,0,0,0,0,0,0,0,0,0,0,0,0,0,0,0,0,0,0,0,0,0,0,0,0,0,0,0,0,0,0,0,0,0,0,0,0,0
INTL.26-2-CHL-BCF.A,        Chile,85,85,49,46,48,44,26,26,35,57,66,52,54.44455,61.8,68.51,67.1,63.92015,98.882,114.06745,162.09585,183.99115,223.8971,247.9113,270.477585,294.562415,294.562415,263.132065,157.045805,97.18688,114.84438,187.02824,201.401445,172.372515,172.69035,143.979255,155.10348,169.1940453,180.7772669,190.4536226,225.728382,225.86897,238.6039582
INTL.26-2-CHN-BCF.A,        China,505,450,381,431,438,457,484,494,503,505,494.3705,511.3005,516.7746,540.951,569.9368,581.5198,646.017295,697.32999,724.7167725,782.36851,902.36888,974.234905,1061.28638,1143.42907,1350.30434,1654.50775,1993.46112,2490.06065,2725.576385,3125.271555,3768.46365,4623.545745,5073.91794,5760.123705,6397.24162,6738.15162,7313.30862,8425.91162,9857.229472,10783.80904,11454.79922,12813.64481
INTL.26-2-COL-BCF.A,        Colombia,99,106,106,102,143,144,144,140,146,146,151,155,150.79505,157,162.45,160.68,167.3931,210.83055,221.0719,182.9317,201.2955,215.06835,217.5404,215.06835,224.6034,235.55105,254.9743,266.2751,264.8625,306.88735,320.6602,312.1846,356.32835,377.8705,414.24495,406.47565,385.0155605,375.2016722,407.6988227,412.5529275,413.4728432,414.5233367
INTL.26-2-COM-BCF.A,        Comoros,0,0,0,0,0,0,0,0,0,0,0,0,0,0,0,0,0,0,0,0,0,0,0,0,0,0,0,0,0,0,0,0,0,0,0,0,0,0,0,0,0,0
INTL.26-2-COG-BCF.A,        Congo-Brazzaville,0.4,0.6,0.6,0.7,0.7,2,0.4,2,0,0,0,0,0,0,0,0,0,0,0,0,0,0,0,0,0,4.2378,6.3567,10.24135,13.06655,18.71695,32.84295,40.61225,41.283235,58.26975,32.77861093,32.77861093,30.5933702,30.37484613,30.6178449,20.49260065,14.2957971,14.6556005
INTL.26-2-COD-BCF.A,        Congo-Kinshasa,0,0,0,0,0,0,0,0,0,0,0,0,0,0,0,0,0,0,0,0,0,0,0,0,0,0,0,0,0,0,0.35315,0.35315,0.35315,0.35315,0.35315,0.35315,0,0.013601889,0.013426154,0.013426154,0,0
INTL.26-2-COK-BCF.A,        Cook Islands,0,0,0,0,0,0,0,0,0,0,0,0,0,0,0,0,0,0,0,0,0,0,0,0,0,0,0,0,0,0,0,0,0,0,0,0,0,0,0,0,0,0
INTL.26-2-CRI-BCF.A,        Costa Rica,0,0,0,0,0,0,0,0,0,0,0,0,0,0,0,0,0,0,0,0,0,0,0,0,0,0,0,0,0,0,0,0,0,0,0,0,0,0,0,0,0,0
INTL.26-2-HRV-BCF.A,        Croatia,--,--,--,--,--,--,--,--,--,--,--,--,96.02,103.75547,91.12,81.93,88.29,98.882,94.29105,93.9379,97.82255,100.2946,92.87845,107.71075,97.11625,94.99735,96.40995,98.422905,104.708975,94.679515,100.259285,87.192735,101.49531,87.36931,70.735945,72.53701,77.7635856,90.9359687,97.3747635,102.207476,106.2658047,102.2238997
INTL.26-2-CUB-BCF.A,        Cuba,0.6,0.3,0.3,0.3,0.1,0.2,0.2,0.8,0.7,1.1,1.14,1.18,1.22,1.25,1.22,1.448404967,1.518545,26.48625,14.126,17.6575,21.189,10.5945,12.36025,13.06655,13.06655,14.126,14.126,21.189,40.9654,40.9654,37.78705,36.37445,36.51571,38.387405,42.378,44.14375,42.024868,37.3081406,34.4717777,33.80282485,31.82608728,31.832238
INTL.26-2-CYP-BCF.A,        Cyprus,0,0,0,0,0,0,0,0,0,0,0,0,0,0,0,0,0,0,0,0,0,0,0,0,0,0,0,0,0,0,0,0,0,0,0,0,0,0,0,0,0,0
INTL.26-2-CZE-BCF.A,        Czechia,--,--,--,--,--,--,--,--,--,--,--,--,--,258.824,238.38,284.99,328.111665,332.87919,332.702615,336.12817,326.16934,349.441925,337.32888,341.07227,339.059315,335.245295,328.14698,305.510065,306.781405,290.536505,327.7232,297.105095,296.15159,298.97679,265.63943,277.85842,299.8594781,308.1937473,292.0478481,306.6997538,311.3040108,333.9737203
INTL.26-2-CIV-BCF.A,        Côte d’Ivoire,0,0,0,0,0,0,0,0,0,0,0,0,0,0,0,1.41,12.7134,21.189,28.252,47.3221,47.67525,47.67525,47.3221,47.3221,45.9095,45.9095,45.9095,52.9725,56.504,56.504,58.446325,57.63408,62.8607,72.18386,72.81953,72.854845,81.5775759,81.5775759,70.43506308,75.13316257,79.86250774,88.125462
INTL.26-2-DNK-BCF.A,        Denmark,0,0,0,2.2,6.9,27,45,58,64,69,73,82,86.59,97.893,108.028585,127.38,148.04048,168.0994,172.3372,178.6939,181.87225,180.636225,180.17713,182.896385,182.86107,176.115905,180.141815,161.001085,162.343055,155.774465,175.58618,148.499575,138.01102,131.619005,112.01918,112.86674,115.0209367,109.9709346,104.6039858,97.28134069,77.27221284,76.0731297
INTL.26-2-DJI-BCF.A,        Djibouti,0,0,0,0,0,0,0,0,0,0,0,0,0,0,0,0,0,0,0,0,0,0,0,0,0,0,0,0,0,0,0,0,0,0,0,0,0,0,0,0,0,0
INTL.26-2-DMA-BCF.A,        Dominica,0,0,0,0,0,0,0,0,0,0,0,0,0,0,0,0,0,0,0,0,0,0,0,0,0,0,0,0,0,0,0,0,0,0,0,0,0,0,0,0,0,0
INTL.26-2-DOM-BCF.A,        Dominican Republic,0,0,0,0,0,0,0,0,0,0,0,0,0,0,0,0,0,0,0,0,0,0,0,10.5945,4.59095,8.82875,8.82875,16.9512,16.59805,19.7764,28.9583,32.84295,45.2032,37.751735,37.751735,39.12902,36.8335645,40.6828668,44.61996345,47.81746177,50.15990388,66.33701357
INTL.26-2-ECU-BCF.A,        Ecuador,3,2,2,3,4,4,3,1.9,2.8,2.8,4,3.226165385,3.5315,3.53,3.53,4.24,4.2378,3.5315,3.5315,3.5315,4.9441,5.6504,3.5315,5.29725,6.00355,9.1819,9.8882,9.711625,9.1819,10.45324,11.65395,8.510915,18.257855,18.187225,20.41207,17.551555,19.31729,16.87236984,13.39228963,12.09185063,10.1808746,10.52729869
INTL.26-2-EGY-BCF.A,        Egypt,30,50,94,113,143,175,200,222,244,273,286,321,349,398.70635,423.42,438.96,473.221,476.7525,485.2281,518.07105,646.2645,866.98325,882.875,1046.0303,1111.0099,1208.12615,1334.907,1406.631765,1484.99575,1566.92655,1630.49355,1791.8831,1876.886305,1834.2611,1697.9452,1692.93047,1788.951139,2038.202292,2138.31012,2056.861658,1989.338261,2116.4102
INTL.26-2-SLV-BCF.A,        El Salvador,0,0,0,0,0,0,0,0,0,0,0,0,0,0,0,0,0,0,0,0,0,0,0,0,0,0,0,0,0,0,0,0,0,0,0,0,0,0,0,0,0,0
INTL.26-2-GNQ-BCF.A,        Equatorial Guinea,0,0,0,0,0,0,0,0,0,0,0,0,0,0,0,0,0,0,0.7063,0.7063,1.05945,1.05945,44.85005,45.9095,3.5315,45.9095,45.9095,52.6511335,52.9725,54.73825,55.7977,57.2103,55.7977,51.5599,48.38155,43.34180521,53.42129479,53.08531181,51.06941389,50.06146493,44.58370408,52.10297128
INTL.26-2-ERI-BCF.A,        Eritrea,--,--,--,--,--,--,--,--,--,--,--,--,--,--,0,0,0,0,0,0,0,0,0,0,0,0,0,0,0,0,0,0,0,0,0,0,0,0,0,0,0,0
INTL.26-2-EST-BCF.A,        Estonia,--,--,--,--,--,--,--,--,--,--,--,--,52.97,21.19,22.6,26.31,28.82,37.4339,56.504,35.315,39.5528,44.85005,26.239045,29.911805,34.11429,34.573385,35.632835,34.82059,33.40799,23.060695,24.755815,22.31908,23.201955,23.94357,18.71695,16.633365,18.2931559,17.4102884,17.83492958,16.40173021,14.72953645,se|16
INTL.26-2-SWZ-BCF.A,        Eswatini,0,0,0,0,0,0,0,0,0,0,0,0,0,0,0,0,0,0,0,0,0,0,0,0,0,0,0,0,0,0,0,0,0,0,0,0,0,0,0,0,0,0
INTL.26-2-ETH-BCF.A,        Ethiopia,0,0,0,0,0,0,0,0,0,0,0,0,0,0,0,0,0,0,0,0,0,0,0,0,0,0,0,0,0,0,0,0,0,0,0,0,0,0,0,0,0,0
INTL.26-2-FLK-BCF.A,        Falkland Islands,0,0,0,0,0,0,0,0,0,0,0,0,0,0,0,0,0,0,0,0,0,0,0,0,0,0,0,0,0,0,0,0,0,0,0,0,0,0,0,0,0,0
INTL.26-2-FRO-BCF.A,        Faroe Islands,0,0,0,0,0,0,0,0,0,0,0,0,0,0,0,0,0,0,0,0,0,0,0,0,0,0,0,0,0,0,0,0,0,0,0,0,0,0,0,0,0,0
INTL.26-2-FJI-BCF.A,        Fiji,0,0,0,0,0,0,0,0,0,0,0,0,0,0,0,0,0,0,0,0,0,0,0,0,0,0,0,0,0,0,0,0,0,0,0,0,0,0,0,0,0,0
INTL.26-2-FIN-BCF.A,        Finland,32,26,24,23,28,35,43,57,61,81,95,100,103.86,107.5,119.15,123.11,128.864435,126.71022,144.93276,144.93276,148.287685,160.718565,159.941635,176.963465,170.9246,156.622025,168.205345,161.53081,167.287155,150.759735,166.651485,145.533115,130.10046,123.214035,108.91146,96.26869,87.9697355,82.8137893,91.69415779,90.30116332,85.43284447,se|88
INTL.26-2-CSK-BCF.A,        Former Czechoslovakia,325,325,341,346,364,407,427,444,416,451,532,504,411,--,--,--,--,--,--,--,--,--,--,--,--,--,--,--,--,--,--,--,--,--,--,--,--,--,--,--,--,--
INTL.26-2-SCG-BCF.A,        Former Serbia and Montenegro,--,--,--,--,--,--,--,--,--,--,--,--,71.546,33.97303,57.57,39.02,98.211015,97.18688,103.8261,61.059635,19.176045,21.25963,80.87135,77.693,82.6371,84.756,--,--,--,--,--,--,--,--,--,--,--,--,--,--,--,--
INTL.26-2-SUN-BCF.A,        Former U.S.S.R.,13328,14440,15522,16822,18512,20302,21522,22462,24092,24529,24961,25014,--,--,--,--,--,--,--,--,--,--,--,--,--,--,--,--,--,--,--,--,--,--,--,--,--,--,--,--,--,--
INTL.26-2-YUG-BCF.A,        Former Yugoslavia,127,157,155,149,200,208,224,263,258,287,248,247,--,--,--,--,--,--,--,--,--,--,--,--,--,--,--,--,--,--,--,--,--,--,--,--,--,--,--,--,--,--
INTL.26-2-FRA-BCF.A,        France,981,1003,979,999,1079,1110,1129,1038,963,984,997,1131.24,1146.47,1158.403,1156.954715,1182.73,1314.318355,1300.051095,1312.905755,1382.65288,1402.817745,1470.86975,1528.08005,1510.7757,1603.65415,1740.3232,1762.57165,1656.2735,1736.43855,1665.4554,1694.76685,1654.50775,1488.209415,1551.917675,1274.341775,1342.95882,1470.621461,1479.096989,1442.993957,1470.697014,1362.862557,1451.71332
INTL.26-2-GUF-BCF.A,        French Guiana,0,0,0,0,0,0,0,0,0,0,0,0,0,0,0,0,0,0,0,0,0,0,0,0,0,0,0,0,0,0,0,0,ie,ie,ie,ie,ie,ie,ie,ie,ie,ie
INTL.26-2-PYF-BCF.A,        French Polynesia,0,0,0,0,0,0,0,0,0,0,0,0,0,0,0,0,0,0,0,0,0,0,0,0,0,0,0,0,0,0,0,0,0,0,0,0,0,0,0,0,0,0
INTL.26-2-GAB-BCF.A,        Gabon,2.5,2.1,2,5.3,5.3,2,1,4.1,3.5,3.2,3,3.548592168,3.5315,3.5315,3.53,3.53,3.5315,3.5315,3.5315,3.5315,2.8252,2.8252,3.17835,3.17835,3.5315,3.5315,3.5315,2.8252,2.8252,2.8252,2.8252,2.47205,13.596275,11.23017,19.423085,19.423085,19.46193117,17.19731529,18.71332239,16.3860208,17.7279794,16.0328738
INTL.26-2-GMB-BCF.A,"        Gambia, The",0,0,0,0,0,0,0,0,0,0,0,0,0,0,0,0,0,0,0,0,0,0,0,0,0,0,0,0,0,0,0,0,0,0,0,0,0,0,0,0,0,0
INTL.26-2-GEO-BCF.A,        Georgia,--,--,--,--,--,--,--,--,--,--,--,--,176.58,84.76,56.5,74.16,63.57,67.0985,65.6859,40.9654,42.73115,40.9654,51.91305,36.37445,43.43745,52.089625,49.79415,59.68235,61.09495,60.38865,58.093175,52.725295,62.57818,71.76008,77.022015,84.7559343,79.4587293,80.8713173,79.7589499,90.28713128,89.68663501,90.43621908
INTL.26-2-DEU-BCF.A,        Germany,--,--,--,--,--,--,--,--,--,--,--,2776,2739.45,2829.826,2965.082715,3171.57,3162.74077,3011.87509,3129.89782,3150.980875,3098.11432,3239.409635,3218.96225,3160.83376,3173.12338,3202.57609,3272.49979,3142.61122,3262.47033,3032.958145,3337.69128,3029.88574,3028.649715,3097.8318,2797.37178,2872.839935,3105.669752,3296.686964,3285.866152,3380.048762,3091.689581,3214.266044
INTL.26-2-DDR-BCF.A,"        Germany, East",493,498,490,496,588,580,602,555,602,588,357,--,--,--,--,--,--,--,--,--,--,--,--,--,--,--,--,--,--,--,--,--,--,--,--,--,--,--,--,--,--,--
INTL.26-2-DEUW-BCF.A,"        Germany, West",2128,2015,1844,1901,1996,1966,1993,2178,2114,2247,2311.9,--,--,--,--,--,--,--,--,--,--,--,--,--,--,--,--,--,--,--,--,--,--,--,--,--,--,--,--,--,--,--
INTL.26-2-GHA-BCF.A,        Ghana,0,0,0,0,0,0,0,0,0,0,0,0,0,0,0,0,0,0,0,0,0,0,0,0,0,0,0,0,0,0,4.2378,29.31145,14.126,21.189,22.95475,44.98960917,26.29103794,43.50182674,62.28629017,75.68119128,114.4307266,121.0420671
INTL.26-2-GIB-BCF.A,        Gibraltar,0,0,0,0,0,0,0,0,0,0,0,0,0,0,0,0,0,0,0,0,0,0,0,0,0,0,0,0,0,0,0,0,0,0,0,0,0,0,0,2.002977897,2.640249202,se|2.7
INTL.26-2-GRC-BCF.A,        Greece,0,0,2.2,2.1,2.3,2,3,3,4,4,4,4,4,2.866,1.34,1.23,1.48323,6.815795,30.406215,52.9725,72.46638,71.371615,76.63355,86.1686,94.78546,100.36523,116.96328,142.31945,148.60552,124.59132,135.96275,164.744475,150.689105,135.68023,103.26106,110.81847,143.4139381,173.8905242,170.5737018,184.8761553,205.9551466,se|222
INTL.26-2-GRL-BCF.A,        Greenland,0,0,0,0,0,0,0,0,0,0,0,0,0,0,0,0,0,0,0,0,0,0,0,0,0,0,0,0,0,0,0,0,0,0,0,0,0,0,0,0,0,0
INTL.26-2-GRD-BCF.A,        Grenada,0,0,0,0,0,0,0,0,0,0,0,0,0,0,0,0,0,0,0,0,0,0,0,0,0,0,0,0,0,0,0,0,0,0,0,0,0,0,0,0,0,0
INTL.26-2-GLP-BCF.A,        Guadeloupe,0,0,0,0,0,0,0,0,0,0,0,0,0,0,0,0,0,0,0,0,0,0,0,0,0,0,0,0,0,0,0,0,ie,ie,ie,ie,ie,ie,ie,ie,ie,ie
INTL.26-2-GUM-BCF.A,        Guam,0,0,0,0,0,0,0,0,0,0,0,0,0,0,0,0,0,0,0,0,0,0,0,0,0,0,0,0,0,0,0,0,0,0,0,0,0,0,0,0,0,0
INTL.26-2-GTM-BCF.A,        Guatemala,0,0,0,0,0,0,0,0,0,0,0,0,0,0,0,0,0,0,0,0,0,0,0,0,0,0,0,0,0,0,0,0,0,0,0,0,0,0,0,0,0,0
INTL.26-2-GIN-BCF.A,        Guinea,0,0,0,0,0,0,0,0,0,0,0,0,0,0,0,0,0,0,0,0,0,0,0,0,0,0,0,0,0,0,0,0,0,0,0,0,0,0,0,0,0,0
INTL.26-2-GNB-BCF.A,        Guinea-Bissau,0,0,0,0,0,0,0,0,0,0,0,0,0,0,0,0,0,0,0,0,0,0,0,0,0,0,0,0,0,0,0,0,0,0,0,0,0,0,0,0,0,0
INTL.26-2-GUY-BCF.A,        Guyana,0,0,0,0,0,0,0,0,0,0,0,0,0,0,0,0,0,0,0,0,0,0,0,0,0,0,0,0,0,0,0,0,0,0,0,0,0,0,0.203430836,0.013109831,0.045866835,0.045866835
INTL.26-2-HTI-BCF.A,        Haiti,0,0,0,0,0,0,0,0,0,0,0,0,0,0,0,0,0,0,0,0,0,0,0,0,0,0,0,0,0,0,0,0,0,0,0.029033887,0.03303606,0.02305344,0.051918604,0.02113232,0.042,0.118,se|.1
INTL.26-2-HITZ-BCF.A,        Hawaiian Trade Zone,0,0,0,0,0,0,0,--,--,--,--,--,--,--,--,--,--,--,--,--,--,--,--,--,--,--,--,--,--,--,--,--,--,--,--,--,,,--,--,--,--
INTL.26-2-HND-BCF.A,        Honduras,0,0,0,0,0,0,0,0,0,0,0,0,0,0,0,0,0,0,0,0,0,0,0,0,0,0,0,0,0,0,0,0,0,0,0,0,0,0,0,0,0,0
INTL.26-2-HKG-BCF.A,        Hong Kong,0,0,0,0,0,0,0,0,0,0,13.62949074,14.6994999,16.48194327,17.37904909,18.76318109,19.8902212,65.82716,103.9638285,96.8867025,106.955009,95.27987,96.1592135,91.39522,67.87543,89.13506,108.41705,105.895559,94.99735,118.6584,113.255205,141.9663,112.831425,102.06035,96.869045,92.278095,114.526545,119.4225296,119.024261,115.1789683,116.7319366,173.5016481,se|185
INTL.26-2-HUN-BCF.A,        Hungary,344,350,368,367,382,395,417,417,411,418,394,393,348.56,372.326,375.363135,406.69,452.985505,430.843,433.138475,436.669975,424.98071,472.126235,472.973795,514.75144,510.37238,529.124645,501.54363,468.48879,462.732445,400.18958,428.44158,408.9477,364.87458,339.129945,316.28114,332.94982,355.0215075,367.1697643,353.0438843,359.5064744,372.4095476,386.5532051
INTL.26-2-ISL-BCF.A,        Iceland,0,0,0,0,0,0,0,0,0,0,0,0,0,0,0,0,0,0,0,0,0,0,0,0,0,0,0,0,0,0,0,0,0,0,0,0,0,0,0,0,0,0
INTL.26-2-IND-BCF.A,        India,51,64,89,106,113,135,180,227,310,315,399,449,476.7525,531.8439,593.64,627.55,696.4118,716.8945,760.6851,752.2095,718.66025,708.77205,921.0152,964.0995,1087.702,1269.2211,1369.86885,1460.6284,1518.19185,1882.64265,2277.46435,2260.51315,2105.4803,1854.0375,1813.14273,1753.142545,1952.102119,1999.600138,2147.904042,2201.348484,2177.03998,2315.471255
INTL.26-2-IDN-BCF.A,        Indonesia,248,248,236,316,369,436,471,487,517,579,629.67,764.9229,796.7064,849.681,965.15,1061.22,1136.78985,1125.48905,982.81645,1124.4296,957.7428,725.72325,797.05955,805.182,675.2228,719.0134,992.3515,1126.5485,1200.0037,1344.44205,1460.27525,1320.0747,1377.9913,1489.5867,1473.3418,1501.24065,1480.681836,1494.608137,1524.815505,1504.713641,1245.354313,se|1291
INTL.26-2-IRN-BCF.A,        Iran,232,155,200,310,476,600,536,565,706,784,764.569,803,882.875,938.3205,1123.02,1243.08,1373.7535,1663.3365,1827.55125,2111.837,2220.96035,2478.4067,2798.00745,2909.956,3020.8451,3707.3687,3839.09365,3992.0076,4212.72635,4993.541,5105.8427,5420.887815,5484.06635,5568.11605,6128.07069,6567.636495,7014.508709,7306.314074,7661.579956,7781.649936,7874.739577,8208.098293
INTL.26-2-IRQ-BCF.A,        Iraq,45.023307,23,24,18,20,29.19016261,31.6323,35,88,100.4079225,69.59106,61.15578,79.78369,90.053,111.94,111.95,114.4206,107.71075,104.17925,112.3017,111.24225,97.4694,83.3434,54.82932,35.147,51.20675,63.567,141.7980755,212.9727345,227.6601182,238.16271,208.851509,210.264097,236.043828,252.28859,244.166209,335.984429,394.959978,510.268735,636.1644353,659.8252843,650.36949
INTL.26-2-IRL-BCF.A,        Ireland,32,49,73,77,82,87,59,59,71,80,82,84,82.99,94.19,95.85,101.57,113.961505,118.37588,117.74021,124.52069,141.719095,148.323,151.43072,152.13702,156.51608,145.391855,162.66089,175.30366,182.86107,177.245985,194.37376,170.677395,167.11058,160.18884,154.926905,153.76151,180.3181644,184.7678166,191.9638485,194.7538525,195.2517449,182.6104586
INTL.26-2-ISR-BCF.A,        Israel,5,5,3,2,2,2,1.4,2.1,1.4,1.4,1.059,1.059,0.76,1.05945,1.06,0.71,0.7063,0.7063,0.7063,0.35315,0.35315,0.35315,0.35315,0.7063,23.66105,24.36735,34.25555,40.2591,50.8536,101.7072,128.89975,117.2458,51.91305,180.1065,281.8137,305.8279,353.2555421,377.8935891,381.7782061,383.4301151,397.4601297,412.0239921
INTL.26-2-ITA-BCF.A,        Italy,972,942,944,967,1135,1151,1217,1346,1460,1581,1674,1775,1760.31149,1800.99,1748.13,1920.61,1984.13796,2047.5637,2204.538875,2396.087435,2498.359675,2505.210785,2488.22427,2743.304515,2846.706835,3046.448475,2983.517145,2998.137555,2997.643145,2755.41756,2934.570555,2751.638855,2645.623225,2474.486735,2186.42228,2384.574745,2504.362207,2653.955277,2567.305516,2629.71302,2517.234079,2697.039418
INTL.26-2-JAM-BCF.A,        Jamaica,0,0,0,0,0,0,0,0,0,0,0,0,0,0,0,0,0,0,0,0,0,0,0,0,0,0,0,0,0,0,0,0,0,0,0,0,0.607647059,6.960588235,3.452941176,9.894117647,24.48823529,25.10705882
INTL.26-2-JPN-BCF.A,        Japan,898.322173,920.218754,951.288702,1015.502271,1365.777273,1460.639026,1487.350746,1535.256107,1610.646422,1722.90594,1957.723047,2096.483403,2119.891305,2169.729751,2276.717219,2358.926052,2458.567797,2538.105458,2601.194323,2758.477148,2844.130387,2832.777906,2904.337198,3000.534537,2983.62883,2960.994162,3254.014701,3538.178196,3467.673314,3428.906173,3615.466449,4262.909336,4436.95728,4434.838398,4442.500444,4245.114892,4166.716258,4189.317666,4093.0397,3825.354274,3684.301214,3666.471518
INTL.26-2-JOR-BCF.A,        Jordan,0,0,0,0,0,0,0,0,0,2.8,4.59,4.59,5.3,7.063,9.89,10.24,9.53505,10.24135,9.8882,9.8882,10.24135,10.24135,10.94765,23.3079,49.79415,55.0914,79.45875,91.819,103.47295,108.41705,96.7631,45.9095,34.67933,47.710565,15.82112,102.307555,178.3401041,184.6614354,187.8711298,184.7972083,177.3925789,148.5054002
INTL.26-2-KAZ-BCF.A,        Kazakhstan,--,--,--,--,--,--,--,--,--,--,--,--,709.83,522.66,529.72,383.42991,509.95,494.41,473.221,480.284,490.8785,505.0045,526.1935,321.22524,482.720735,393.05595,376.81105,717.95395,793.1749,470.04265,411.0666,459.095,437.55285,477.81195,463.68595,480.63715,511.9966036,542.7163998,547.4023033,513.2172064,559.6207222,se|582
INTL.26-2-KEN-BCF.A,        Kenya,0,0,0,0,0,0,0,0,0,0,0,0,0,0,0,0,0,0,0,0,0,0,0,0,0,0,0,0,0,0,0,0,0,0,0,0,0,0,0,0,0,0
INTL.26-2-KIR-BCF.A,        Kiribati,0,0,0,0,0,0,0,0,0,0,0,0,0,0,0,0,0,0,0,0,0,0,0,0,0,0,0,0,0,0,0,0,0,0,0,0,0,0,0,0,0,0
INTL.26-2-XKS-BCF.A,        Kosovo,--,--,--,--,--,--,--,--,--,--,--,--,--,--,--,--,--,--,--,--,--,--,--,--,--,--,--,--,0,0,0,0,0,0,0,0,0,0,0,0,0,0
INTL.26-2-KWT-BCF.A,        Kuwait,244,100,100,124,144,140,191,284,351,415,218.6,18,92.525,191.407,210.83,210.83,210.83055,327.37005,317.835,305.1216,339.024,300.1775,282.52,321.3665,342.5555,434.3745,438.25915,425.8989,448.5005,437.164385,512.879745,600.00185,641.496975,653.009665,647.641785,738.401335,786.1468094,766.6884097,812.6981173,874.316256,880.9200962,1003.57919
INTL.26-2-KGZ-BCF.A,        Kyrgyzstan,--,--,--,--,--,--,--,--,--,--,--,--,84.76,79.1,63.57,31.07,64.42,67.8048,67.59291,67.45165,67.557595,71.19504,42.378,26.027155,32.454485,26.1331,27.40444,27.136046,26.48625,23.145451,16.31553,14.126,15.04419,14.33789,15.150135,6.3567,6.633078261,6.633078261,7.714410861,7.339743845,7.890286451,7.888318219
INTL.26-2-LAO-BCF.A,        Laos,0,0,0,0,0,0,0,0,0,0,0,0,0,0,0,0,0,0,0,0,0,0,0,0,0,0,0,0,0,0,0,0,0,0,0,0,0,0,0,0,0,0
INTL.26-2-LVA-BCF.A,        Latvia,--,--,--,--,--,--,--,--,--,--,--,--,56.5,28.25,24.72,38.85,35.32,45.9095,45.9095,45.55635,56.504,60.0355,60.0355,63.567,67.45165,68.5111,67.0985,58.26975,44.85005,55.0914,64.308615,56.64526,53.25502,51.595215,46.3686394,46.792375,48.4521659,42.7311845,50.22006123,47.47936846,37.70850246,41.34073403
INTL.26-2-LBN-BCF.A,        Lebanon,0,0,0,0,0,0,0,0,0,0,0,0,0,0,0,0,0,0,0,0,0,0,0,0,0,0,0,0,0,1.4126,5.29725,0,0,0,0,0,0,0,0,0,0,0
INTL.26-2-LSO-BCF.A,        Lesotho,0,0,0,0,0,0,0,0,0,0,0,0,0,0,0,0,0,0,0,0,0,0,0,0,0,0,0,0,0,0,0,0,0,0,0,0,0,0,0,0,0,0
INTL.26-2-LBR-BCF.A,        Liberia,0,0,0,0,0,0,0,0,0,0,0,0,0,0,0,0,0,0,0,0,0,0,0,0,0,0,0,0,0,0,0,0,0,0,0,0,0,0,0,0,0,0
INTL.26-2-LBY-BCF.A,        Libya,180,110,88,112,122,143,168,161,157,165,175,175.15,174,168.0994,173.39,171.28,184.3443,192.46675,192.46675,149.7356,183.638,190.34785,197.0577,167.74625,209.41795,205.88645,165.803925,187.8758,194.2325,220.9261379,248.1740593,171.9078891,272.6438109,316.5595356,284.4599085,258.2221458,254.1337909,236.7886328,235.9056225,270.8529811,232.7965828,se|243
INTL.26-2-LBY-BCF.A,        Liechtenstein,--,--,--,--,--,--,--,--,--,--,--,--,--,--,--,--,--,--,--,--,--,--,--,--,--,--,--,--,--,--,--,--,--,--,--,--,--,--,--,--,--,--
INTL.26-2-LTU-BCF.A,        Lithuania,--,--,--,--,--,--,--,--,--,--,--,--,141.26,84.76,81.22,98.88,91.82,102.4135,113.008,75.5741,91.819,97.4694,102.06035,107.00445,103.1198,107.3576,102.76665,121.4836,124.66195,96.40995,109.82965,120.071,117.2458,114.4206,98.1757,88.2514353,77.7276547,81.5938247,75.4782467,78.7820647,83.6182919,80.1281948
INTL.26-2-LUX-BCF.A,        Luxembourg,20,15,11,10,11,12,12,14,15,17,17,18,18.78758,19.529195,19.67,22.46,24.543925,25.00302,25.179595,26.027155,26.662825,27.68696,42.625205,42.554575,47.922455,47.216155,49.546945,46.33328,44.320325,44.814735,48.16966,41.81296,42.87241,36.51571,34.53807,31.112515,28.5698566,27.934192,27.45243207,27.40515935,25.06162769,26.895563
INTL.26-2-MAC-BCF.A,        Macau,0,0,0,0,0,0,0,0,0,0,0,0,0,0,0,0,0,0,0,0,0,0,0,0,0,0,0,0,0,0,5.462760314,2.599515067,0,0.012536719,2.044897704,0.068192686,0.354912735,6.29488059,3.340594047,4.828225784,2.60975633,3.032967695
INTL.26-2-MDG-BCF.A,        Madagascar,0,0,0,0,0,0,0,0,0,0,0,0,0,0,0,0,0,0,0,0,0,0,0,0,0,0,0,0,0,0,0,0,0,0,0,0,0,0,0,0,0,0
INTL.26-2-MWI-BCF.A,        Malawi,0,0,0,0,0,0,0,0,0,0,0,0,0,0,0,0,0,0,0,0,0,0,0,0,0,0,0,0,0,0,0,0,0,0,0,0,0,0,0,0,0,0
INTL.26-2-MYS-BCF.A,        Malaysia,56,62,53,77,152,225,279,265,289,297,197.41085,233.079,253.91485,325.95745,411.0666,484.87495,498.6478,564.3337,579.51915,566.4526,684.4047,719.7197,842.96905,846.1474,752.9158,979.28495,1142.44025,1062.9815,1131.13945,1099.7091,1151.9753,1100.06225,1114.89455,1158.68515,1242.417015,1119.83865,1045.501207,1075.448072,1348.79195,1368.088953,1252.480734,1282.261596
INTL.26-2-MDV-BCF.A,        Maldives,0,0,0,0,0,0,0,0,0,0,0,0,0,0,0,0,0,0,0,0,0,0,0,0,0,0,0,0,0,0,0,0,0,0,0,0,0,0,0,0,0,0
INTL.26-2-MLI-BCF.A,        Mali,0,0,0,0,0,0,0,0,0,0,0,0,0,0,0,0,0,0,0,0,0,0,0,0,0,0,0,0,0,0,0,0,0,0,0,0,0,0,0,0,0,0
INTL.26-2-MLT-BCF.A,        Malta,0,0,0,0,0,0,0,0,0,0,0,0,0,0,0,0,0,0,0,0,0,0,0,0,0,0,0,0,0,0,0,0,0,0,0,0,0,10.1000042,12.16109457,13.73863851,12.44684373,se|14
INTL.26-2-MTQ-BCF.A,        Martinique,0,0,0,0,0,0,0,0,0,0,0,0,0,0,0,0,0,0,0,0,0,0,0,0,0,0,0,0,0,0,0,0,ie,ie,ie,ie,ie,ie,ie,ie,ie,ie
INTL.26-2-MRT-BCF.A,        Mauritania,0,0,0,0,0,0,0,0,0,0,0,0,0,0,0,0,0,0,0,0,0,0,0,0,0,0,0,0,0,0,0,0,0,0,0,0,0,0,0,0,0,0
INTL.26-2-MUS-BCF.A,        Mauritius,0,0,0,0,0,0,0,0,0,0,0,0,0,0,0,0,0,0,0,0,0,0,0,0,0,0,0,0,0,0,0,0,0,0,0,0,0,0,0,0,0,0
INTL.26-2-MEX-BCF.A,        Mexico,799,865,943,945,946,990,880,893,904,881,918,978.367,991.397995,1058.920275,1101.298275,1106.91336,1167.58453,1240.9691,1423.936115,1371.387395,1472.247035,1494.283595,1684.137035,1893.837505,1988.65828,1947.48099,2173.78,2279.971715,2361.30216,2552.809,2269.231,2329.08,2426.19,2529.17,2569.804,2756,2864.589825,2881.500548,3043.512837,3036.169373,2982.757613,3033.309487
INTL.26-2-FSM-BCF.A,        Micronesia,0,0,0,0,0,0,0,0,0,0,0,0,0,0,0,0,0,0,0,0,0,0,0,0,0,0,0,0,0,0,0,0,0,0,0,0,0,0,0,0,0,0
INTL.26-2-MDA-BCF.A,        Moldova,--,--,--,--,--,--,--,--,--,--,--,--,77.69,63.57,49.44,49.44,70.63,84.756,81.57765,74.1615,75.22095,72.39575,77.693,84.0497,76.63355,86.52175,93.58475,86.1686,88.9938,82.28395,76.63355,74.51465,122.54305,115.8332,111.24225,96.40995,97.4340763,88.8879189,96.7576837,98.9658196,98.67566419,se|112
INTL.26-2-MDA-BCF.A,        Monaco,--,--,--,--,--,--,--,--,--,--,--,--,--,--,--,--,--,--,--,--,--,--,--,--,--,--,--,--,--,--,--,--,--,--,--,--,--,--,--,--,--,--
INTL.26-2-MNG-BCF.A,        Mongolia,0,0,0,0,0,0,0,0,0,0,0,0,0,0,0,0,0,0,0,0,0,0,0,0,0,0,0,0,0,0,0,0,0,0,0,0,0,0,0,0,0,0
INTL.26-2-MNE-BCF.A,        Montenegro,--,--,--,--,--,--,--,--,--,--,--,--,--,--,--,--,--,--,--,--,--,--,--,--,--,--,0,0,0,0,0,0,0,0,0,0,0,0,0,0,0,0
INTL.26-2-MSR-BCF.A,        Montserrat,0,0,0,0,0,0,0,0,0,0,0,0,0,0,0,0,0,0,0,0,0,0,0,0,0,0,0,0,0,0,0,0,0,0,0,0,0,0,0,0,0,0
INTL.26-2-MAR-BCF.A,        Morocco,2.5,3.2,3,3.2,2,3,3,2.1,2.1,2.1,2,1.374174212,0.847316905,1.059,1.06,0.71,0.71,1.76575,1.76575,1.4126,1.76575,1.76575,1.76575,1.76575,1.4126,15.96051748,20.17175492,22.8884,19.7764,19.7764,20.12955,28.252,44.179065,42.837095,41.6717,42.978355,43.684649,43.331502,39.1812388,37.13895207,29.01191126,29.20673108
INTL.26-2-MOZ-BCF.A,        Mozambique,0,0,0,0,0,0,0,0,0,0,0,0,0,0,0,0,0,0,2.1189,2.1189,2.1189,2.1189,2.1189,2.8252,2.47205,4.59095,5.29725,7.063,6.3567,5.29725,2.8252,18.3638,45.55635,55.0914,63.567,66.921925,62.7194757,64.6970989,42.3816988,49.35619645,46.71219308,se|48
INTL.26-2-NAM-BCF.A,        Namibia,--,--,--,--,--,--,--,--,--,--,0,0,0,0,0,0,0,0,0,0,0,0,0,0,0,0,0,0,0,0,0,0,0,0,0,0,0,0,0,0,0,0
INTL.26-2-NRU-BCF.A,        Nauru,0,0,0,0,0,0,0,0,0,0,0,0,0,0,0,0,0,0,0,0,0,0,0,0,0,0,0,0,0,0,0,0,0,0,0,0,0,0,0,0,0,0
INTL.26-2-NPL-BCF.A,        Nepal,0,0,0,0,0,0,0,0,0,0,0,0,0,0,0,0,0,0,0,0,0,0,0,0,0,0,0,0,0,0,0,0,0,0,0,0,0,0,0,0,0,0
INTL.26-2-NLD-BCF.A,        Netherlands,1493,1421,1511,1451,1540,1624,1620,1672,1513,1550,1535,1741.700485,1668.91627,1743.395605,1684.772705,1729.44618,1916.650995,1795.803065,1773.37804,1732.76579,1737.63926,1772.707055,1754.696405,1766.66819,1809.68186,1757.239085,1687.91574,1641.405885,1712.00057,1728.45736,1939.21728,1693.601455,1608.88077,1627.10331,1421.71127,1408.57409,1468.220618,1531.963652,1506.913682,1574.13615,1539.844488,1486.803764
INTL.26-2-NLDA-BCF.A,        Netherlands Antilles,0,0,0,0,0,0,0,0,0,0,0,0,0,0,0,0,0,0,0,0,0,0,0,0,0,0,0,0,0,0,0,0,0,0,0,0,0,0,0,0,0,0
INTL.26-2-NCL-BCF.A,        New Caledonia,0,0,0,0,0,0,0,0,0,0,0,0,0,0,0,0,0,0,0,0,0,0,0,0,0,0,0,0,0,0,0,0,0,0,0,0,0,0,0,0,0,0
INTL.26-2-NZL-BCF.A,        New Zealand,39,47,80,84,105,134,157,151,165,168,169,182,195.00943,175.1617,174.773935,166.015815,186.32194,198.788135,174.985825,200.30668,212.349095,227.85238,213.23197,164.673845,145.70969,145.70969,136.492475,152.84332,146.55725,150.053435,166.227705,152.737375,159.094075,169.759205,189.606235,178.6939,178.7998441,182.7550905,162.6786586,174.6750706,166.9358418,145.5974654
INTL.26-2-NIC-BCF.A,        Nicaragua,0,0,0,0,0,0,0,0,0,0,0,0,0,0,0,0,0,0,0,0,0,0,0,0,0,0,0,0,0,0,0,0,0,0,0,0,0,0,0,0,0,0
INTL.26-2-NER-BCF.A,        Niger,0,0,0,0,0,0,0,0,0,0,0,0,0,0,0,0,0,0,0,0,0,0,0,0,0,0,0,0,0,0,0,0,0,0,0,0,0,0,1.249721879,1.335586,1.335586,0
INTL.26-2-NGA-BCF.A,        Nigeria,38,76,50,81,97,108,116,131,133,166,131,168,173.0435,178.3408,160.68,183.28,192.8199,206.59275,208.3585,219.30615,237.66995,219.30615,224.6034,300.53065,329.1358,365.8634,385.6398,374.339,433.491625,146.9104,177.63445,542.191195,547.3825,584.8164,667.488815,664.6283,652.9744484,609.2901645,654.4501645,663.4789188,668.4288466,777.4027176
INTL.26-2-NIU-BCF.A,        Niue,0,0,0,0,0,0,0,0,0,0,0,0,0,0,0,0,0,0,0,0,0,0,0,0,0,0,0,0,0,0,0,0,0,0,0,0,0,0,0,0,0,0
INTL.26-2-PRK-BCF.A,        North Korea,0,0,0,0,0,0,0,0,0,0,0,0,0,0,0,0,0,0,0,0,0,0,0,0,0,0,0,0,0,0,0,0,0,0,0,0,0,0,0,0,0,0
INTL.26-2-MKD-BCF.A,        North Macedonia,--,--,--,--,--,--,--,--,--,--,--,--,9.421471173,10.42,0,0,0,0,0.7063,1.4126,0,0,0,0,3.5315,3.5315,3.5315,2.8252,2.47205,2.8252,2.8252,4.2378,2.8252,1.4126,4.709698,4.744845,7.416017,9.524837,8.822002441,10.26285371,11.91504388,15.02407721
INTL.26-2-MNP-BCF.A,        Northern Mariana Islands,0,0,0,0,0,0,0,0,0,0,0,0,0,0,0,0,0,0,0,0,0,0,0,0,0,0,0,0,0,0,0,0,0,0,0,0,0,0,0,0,0,0
INTL.26-2-NOR-BCF.A,        Norway,35,34,39,46,41,47,87,60,70,73,80,78,130.59487,90.05,92.88,101.35,102.4135,128.19345,127.134,155.03285,140.20055,162.80215,189.9947,222.13135,282.16685,187.1695,119.3647,156.0923,122.8962,230.60695,194.44439,161.0364,153.2671,181.87225,193.524556,200.234349,197.9388935,202.6180913,191.1408138,192.465115,182.8418593,169.2456998
INTL.26-2-OMN-BCF.A,        Oman,28,33,41,51,47,55,70,80,73,99,99,107.72,116.89265,139.84695,146.56,129.61,127.8403,158.56435,231.6664,181.5191,221.42505,223.8971,230.9601,225.66285,236.25735,330.19525,380.34255,384.3084245,477.4588,520.18995,618.7188,619.4251,745.49965,743.38075,798.013055,774.1048,770.1036445,775.1424871,843.9184531,848.8469411,835.9456021,916.254318
INTL.26-2-PAK-BCF.A,        Pakistan,286,316,354,342,354,365,392,419,445,475,482,534,550.715,583,627.19,645.91,696.4118,698.5307,709.8315,783.993,855.68245,774.45795,808.7135,889.938,967.631,1087.702,1275.5778,1299.592,1341.97,1367.04365,1399.53345,1382.58225,1546.797,1391.411,1379.75705,1436.26105,1536.470043,1590.90371,1567.403407,1442.075742,1427.812738,1480.353356
INTL.26-2-PSE-BCF.A,        Palestinian Territories,--,--,--,--,--,--,--,--,--,--,--,--,--,--,--,--,--,0,0,0,0,0,0,0,0,0,0,0,0,0,0,0,0,0,0,0,0,0,0,0,0,0
INTL.26-2-PAN-BCF.A,        Panama,0,0,0,0,0,0,0,0,0,0,0,0,0,0,0,0,0,0,0,0,0,0,0,0,0,0,0,0,0,0,0,0,0,0,0,0,0,0,6.786,20.48097999,13.24428,10.35712
INTL.26-2-PNG-BCF.A,        Papua New Guinea,0,0,0,0,0,0,0,0,0,0,0,0,2.12,2.8252,1.77,3.53,4.59095,3.88465,3.88465,3.88465,3.88465,3.88465,3.88465,4.9441,4.9441,3.5315,4.9441,4.80284,4.59095,3.5315,3.88465,3.5315,3.5315,3.88465,3.5315,3.5315,3.5315,3.5315,8.374016153,9.473798161,5.896857143,se|6
INTL.26-2-PRY-BCF.A,        Paraguay,0,0,0,0,0,0,0,0,0,0,0,0,0,0,0,0,0,0,0,0,0,0,0,0,0,0,0,0,0,0,0,0,0,0,0,0,0,0,0,0,0,0
INTL.26-2-PER-BCF.A,        Peru,40,49,46,46,46,47,49,47,44,41,19,18.36426265,17.87178,33.9,34.61,32.84,34.25555,8.4756,14.47915,14.47915,12.0071,13.06655,15.5386,18.3638,30.3709,55.7977,62.8607,94.29105,128.89975,122.54305,193.87935,201.64865,233.43215,247.9113,270.5129,275.10385,293.4912169,264.2629439,268.6243,282.3713461,236.9410368,286.8539593
INTL.26-2-PHL-BCF.A,        Philippines,0,0,0,0,0,0,0,0,0,0,0,0,0,0,0,0.35,0.35315,0.35315,0.35315,0.35315,0.35315,7.063,67.0985,81.2245,77.693,74.1615,77.693,102.4135,103.8261,111.24225,101.0009,111.24225,97.11625,123.920335,95.3505,91.819,109.6882382,107.7832708,123.8315316,124.8950447,110.4646706,89.9356242
INTL.26-2-POL-BCF.A,        Poland,418,412,402,411,433,443,464,474,469,461,427,399,373.06766,393.4091,393.373785,415.86944,462.520555,462.944335,462.20272,437.800055,472.620645,481.520025,473.99793,516.94097,549.254195,573.197765,571.573275,570.655085,575.21072,564.68685,605.828825,606.64107,639.095555,643.757135,623.59227,642.80363,671.761684,709.7249865,714.2192685,730.8878069,754.9628974,801.2116045
INTL.26-2-PRT-BCF.A,        Portugal,0,0,0,0,0,0,0,0,0,0,0,0,0,0,0,0,0,3.5315,28.46389,79.38812,80.5182,89.806045,109.935595,106.545355,132.7844,150.37127,146.168785,153.40836,166.6868,167.569675,181.5191,183.07296,158.56435,150.58316,144.049885,168.31129,177.2812238,220.6476754,201.2014729,211.0542742,209.6264302,200.5141839
INTL.26-2-PRI-BCF.A,        Puerto Rico,0,0,0,0,0,0,0,0,0,0,0,0,0,0,0,0,0,0,0,0,12.36025,22.24845,22.24845,26.1331,24.0142,23.66105,25.4268,26,28.486,26.723,27.193,26.48625,48.0284,56.706929,58.713233,55.373429,61.334954,46.432854,60.268787,68.721584,48.258433,71.499424
INTL.26-2-QAT-BCF.A,        Qatar,184,157,186,174,209,191,193,198,207,215,222,269.453,445.675,476.7525,476.74,476.75,483.8155,513.4801,522.30885,492.64425,531.8439,355.2689,392.34965,431.19615,530.78445,660.3905,692.52715,695.7055,713.398315,745.1465,769.867,899.8262,1307.3613,1468.856795,1450.38705,1418.356345,1359.592684,1408.538858,1495.817224,1517.153453,1480.596869,1419.955117
INTL.26-2-REU-BCF.A,        Reunion,0,0,0,0,0,0,0,0,0,0,0,0,0,0,0,0,0,0,0,0,0,0,0,0,0,0,0,0,0,0,0,0,ie,ie,ie,ie,ie,ie,ie,ie,ie,ie
INTL.26-2-ROU-BCF.A,        Romania,1251,1267,1411,1446,1395,1336,1410,1405,1306,1384,1261,1040,935.85,908.302,850.74,900.53,893.82,829.9025,649.796,621.544,600.355,695.7055,646.2645,635.67,635.67,642.733,657.5653,605.2991,560.8022,454.50405,454.50405,486.35818,475.90494,426.569885,398.70635,387.40555,386.3814237,408.7003141,404.9133303,377.7132427,390.4424317,422.1960943
INTL.26-2-RUS-BCF.A,        Russia,--,--,--,--,--,--,--,--,--,--,--,--,16481.51,16184.86,15213.7,14507.4,13085.6201,12298.44875,12603.57035,12582.38135,13058.7807,12905.5136,13564.13835,14204.3993,14567.08435,14330.47385,15223.94335,15226.76855,15545.663,13504.80915,16333.54065,16872.0944,16561.3224,16308.82015,16217.00115,15538.24685,15490.71326,15857.9646,16676.96759,16280.46614,15614.21371,17610.41587
INTL.26-2-RWA-BCF.A,        Rwanda,0,0,0,0,0,0,0,0,0,0,0,0,0,0,0,0,0,0,0,0,0,0,0,0,0,0,0,0,0,0,0,0,0,0,0.140588,0.210882,1.019263,1.057889553,1.742271937,2.045379665,1.993080929,2.003379
INTL.26-2-SHN-BCF.A,        Saint Helena,0,0,0,0,0,0,0,0,0,0,0,0,0,0,0,0,0,0,0,0,0,0,0,0,0,0,0,0,0,0,0,0,0,0,0,0,0,0,0,0,0,0
INTL.26-2-KNA-BCF.A,        Saint Kitts and Nevis,0,0,0,0,0,0,0,0,0,0,0,0,0,0,0,0,0,0,0,0,0,0,0,0,0,0,0,0,0,0,0,0,0,0,0,0,0,0,0,0,0,0
INTL.26-2-LCA-BCF.A,        Saint Lucia,0,0,0,0,0,0,0,0,0,0,0,0,0,0,0,0,0,0,0,0,0,0,0,0,0,0,0,0,0,0,0,0,0,0,0,0,0,0,0,0,0,0
INTL.26-2-SPM-BCF.A,        Saint Pierre and Miquelon,0,0,0,0,0,0,0,0,0,0,0,0,0,0,0,0,0,0,0,0,0,0,0,0,0,0,0,0,0,0,0,0,0,0,0,0,0,0,0,0,0,0
INTL.26-2-VCT-BCF.A,        Saint Vincent/Grenadines,0,0,0,0,0,0,0,0,0,0,0,0,0,0,0,0,0,0,0,0,0,0,0,0,0,0,0,0,0,0,0,0,0,0,0,0,0,0,0,0,0,0
INTL.26-2-VCT-BCF.A,        San Marino,--,--,--,--,--,--,--,--,--,--,--,--,--,--,--,--,--,--,--,--,--,--,--,--,--,--,--,--,--,--,--,--,--,--,--,--,--,--,--,--,--,--
INTL.26-2-WSM-BCF.A,        Samoa,0,0,0,0,0,0,0,0,0,0,0,0,0,0,0,0,0,0,0,0,0,0,0,0,0,0,0,0,0,0,0,0,0,0,0,0,0,0,0,0,0,0
INTL.26-2-STP-BCF.A,        Sao Tome and Principe,0,0,0,0,0,0,0,0,0,0,0,0,0,0,0,0,0,0,0,0,0,0,0,0,0,0,0,0,0,0,0,0,0,0,0,0,0,0,0,0,0,0
INTL.26-2-SAU-BCF.A,        Saudi Arabia,334,564,430,418,620,716,890,946,1028,1052,1077,1130,1200.71,1267.8085,1331.37,1343.38,1459.9221,1601.1821,1653.4483,1631.553,1759.04015,1896.06235,2002.3605,2121.0189,2319.4892,2515.8406,2594.2399,2628.1423,2840.7386,2770.46175,3095.7129,3258.1619,3439.32785,3461.92945,3547.39175,3614.1371,3739.115823,3858.867971,3928.061466,3982.174327,4017.991135,4081.529088
INTL.26-2-SEN-BCF.A,        Senegal,0,0,0,0,0,0,0,0,0,0,0,0,0,0.7063,1.41,1.77,2.1189,1.4126,1.4126,1.4126,1.76575,1.76575,1.76575,1.76575,1.76575,1.76575,1.76575,1.76575,1.76575,1.76575,1.76575,1.4126,1.13008,2.1189,2.1189,2.18953,2.1189006,2.1189006,2.1189006,2.1189006,2.255833312,2.240895837
INTL.26-2-SRB-BCF.A,        Serbia,--,--,--,--,--,--,--,--,--,--,--,--,--,--,--,--,--,--,--,--,--,--,--,--,--,--,81.2245,77.693,79.45875,61.4481,76.9867,83.69655,98.882,79.45875,67.0985,76.9867,83.2374019,93.21598667,93.86427309,87.74528583,87.57819699,105.4579679
INTL.26-2-SYC-BCF.A,        Seychelles,0,0,0,0,0,0,0,0,0,0,0,0,0,0,0,0,0,0,0,0,0,0,0,0,0,0,0,0,0,0,0,0,0,0,0,0,0,0,0,0,0,0
INTL.26-2-SLE-BCF.A,        Sierra Leone,0,0,0,0,0,0,0,0,0,0,0,0,0,0,0,0,0,0,0,0,0,0,0,0,0,0,0,0,0,0,0,0,0,0,0,0,0,0,0,0,0,0
INTL.26-2-SGP-BCF.A,        Singapore,0,0,0,0,0,0,0,0,0,0,0,0,38.85,52.97,52.97,52.97,52.9725,52.9725,52.9725,52.9725,52.9725,41.6717,41.31855,187.8758,233.43215,233.43215,233.43215,304.4153,323.83855,284.6389,296.646,298.7649,341.42542,385.533855,437.55285,428.0178,437.1896349,457.760344,462.5786814,472.1238798,474.6964928,494.4147758
INTL.26-2-SVK-BCF.A,        Slovakia,--,--,--,--,--,--,--,--,--,--,--,--,--,220.3656,208.3585,272.99,240.77767,244.627005,248.723545,250.94839,252.00784,269.559395,256.03375,246.816535,237.3168,255.221505,232.196125,219.51804,222.76702,190.595055,215.386185,198.82345,186.781035,194.58565,160.153525,163.826285,166.5455169,165.238873,163.200347,166.7671317,174.0378281,194.4230881
INTL.26-2-SVN-BCF.A,        Slovenia,--,--,--,--,--,--,--,--,--,--,--,--,24.36,30.01775,28.96,34.61,44.85,31.71287,33.513935,34.96185,35.66815,36.7276,35.562205,35.80941,38.98776,40.294415,39.023075,39.658745,38.104885,36.09193,37.4339,31.99539,30.79468,30.01775,27.157235,28.81704,30.582775,32.0306777,31.43008576,27.93393046,31.93981814,se|35
INTL.26-2-SLB-BCF.A,        Solomon Islands,0,0,0,0,0,0,0,0,0,0,0,0,0,0,0,0,0,0,0,0,0,0,0,0,0,0,0,0,0,0,0,0,0,0,0,0,0,0,0,0,0,0
INTL.26-2-SOM-BCF.A,        Somalia,0,0,0,0,0,0,0,0,0,0,0,0,0,0,0,0,0,0,0,0,0,0,0,0,0,0,0,0,0,0,0,0,0,0,0,0,0,0,0,0,0,0
INTL.26-2-ZAF-BCF.A,        South Africa,0,0,0,0,0,0,0,0,0,0,0,0,44.4969,63.392,69.217,69.22,65.00984642,61.80125,51.20675,49.441,58.26975,74.1615,81.2245,80.5182,110.1828,139.1411,148.323,140.20055,145.4978,126.78085,141.61315,161.7427,165.9805,173.0435,167.74625,173.0435,176.0452495,179.1529431,185.2743555,187.0550783,183.3530799,195.6455674
INTL.26-2-KOR-BCF.A,        South Korea,0,0,0,0,0,0,2.5,75,97,93,107,124,162.554945,203.06125,270.30101,326.840325,431.796505,524.745585,490.8785,597.74169,668.58358,718.80151,823.651745,858.22513,1011.77475,1076.295255,1137.28426,1230.79838,1265.371765,1215.295095,1524.371975,1640.7349,1773.58993,1856.121085,1673.825055,1565.23143,1620.964166,1677.107686,1948.362506,1888.738973,1939.423583,2108.29549
INTL.26-2-SSD-BCF.A,        South Sudan,--,--,--,--,--,--,--,--,--,--,--,--,--,--,--,--,--,--,--,--,--,--,--,--,--,--,--,--,--,--,--,--,0,0,0,0,0,0,0,0,0,0
INTL.26-2-ESP-BCF.A,        Spain,56,66,70,75,72,82,87,100,129,172,192,216,227.78175,224.426825,239.29444,298.59,334.15053,437.235015,448.888965,513.83325,588.453845,634.11614,764.816955,821.744735,1006.26561,1187.78471,1274.44772,1299.132905,1423.865485,1272.47008,1265.12456,1174.22375,1144.100055,1046.31282,961.662765,995.9886534,1015.694256,1104.334153,1101.438348,1259.436315,1130.996752,se|1189
INTL.26-2-LKA-BCF.A,        Sri Lanka,0,0,0,0,0,0,0,0,0,0,0,0,0,0,0,0,0,0,0,0,0,0,0,0,0,0,0,0,0,0,0,0,0,0,0,0,0,0,0,0,0,0
INTL.26-2-SDN-BCF.A,        Sudan,0,0,0,0,0,0,0,0,0,0,0,0,0,0,0,0,0,0,0,0,0,0,0,0,0,0,0,0,0,0,0,0,0,0,0,0,0,0,0,0,0,0
INTL.26-2-SUR-BCF.A,        Suriname,0,0,0,0,0,0,0,0,0,0,0,0,0,0,0,0,0,0,0,0,0,0,0,0,0,0,0,0,0,0,0,0,0,0,0.175735,0.140588,0.175735,0.181850578,0.197772169,0.197772169,0.232356817,0.246029
INTL.26-2-SWE-BCF.A,        Sweden,0,0,0,0,0,3,8,11,13,19,23,24,27.369125,30.16,29.6646,30.02,31.0772,31.253775,30.406215,30.900625,28.428575,31.0772,31.35972,32.70169,31.465665,28.9583,29.31145,32.84295,27.792905,43.331505,55.51518,46.439225,41.60107,38.034255,31.45281154,28.55816446,32.3838691,38.40702464,38.40702464,39.9602499,45.05412275,se|47
INTL.26-2-CHE-BCF.A,        Switzerland,37,40,43,47,52,55,56,60,60,66,70.42,78.99,83.096195,87.051475,85.992025,94.71483,102.48413,98.95263,101.883775,105.556535,104.95618,109.229295,107.21634,113.325835,116.927965,120.035685,116.75139,113.678985,121.20108,116.362925,130.02983,115.444735,126.56896,133.384755,115.868515,123.920335,130.276981,130.9479603,124.3908305,127.703611,124.367739,135.056258
INTL.26-2-SYR-BCF.A,        Syria,17,8.8,9,8.8,9,5,9,22,18,35,103,124,127.134,130.6655,134.19,103.83,141.9663,161.0364,203.06125,213.3026,215.4215,197.41085,240.142,241.90775,250.7365,215.4215,220.71875,211.89,213.3026,262.0373,340.08345,286.7578,227.78175,187.1695,173.0435,151.8545,132.431415,130.674065,129.971125,124.699075,109.585865,115.314826
INTL.26-2-TWN-BCF.A,        Taiwan,43,53,32,47,52,50,40,43,24,50,80,105,114.6610528,111.24,140.55,150.8,156.7986,186.81635,218.953,220.3656,242.61405,241.5546,287.11095,293.46765,352.4437,367.62915,375.39845,402.23785,412.12605,427.3115,535.3754,572.8093,538.41249,550.737425,647.359265,696.62369,726.4292968,793.1387651,791.2211447,775.2199458,844.5625165,916.8185627
INTL.26-2-TJK-BCF.A,        Tajikistan,--,--,--,--,--,--,--,--,--,--,--,--,67.1,49.44,56.5,28.5,43.37,40.2591,39.5528,41.31855,44.14375,45.9095,42.02485,47.67525,49.052535,50.50045,45.06194,23.3079,15.18545,8.016505,7.98119,7.027685,7.168945,7.451465,7.91056,0.7063,0.670827344,0.670039063,2.567977063,2.983111663,2.986626363,2.986626363
INTL.26-2-TZA-BCF.A,        Tanzania,0,0,0,0,0,0,0,0,0,0,0,0,0,0,0,0,0,0,0,0,0,0,0,0,4.2,14.4,17.8,18.71695,19.8,23.23727,27.5457,17.6575,20.4827,22.95475,19.7465,23.6155,31.755,33.434,44.9315,48.691,44.51335729,45.02425408
INTL.26-2-THA-BCF.A,        Thailand,0,40,47,57,70,128,112,132,193,182,208,236,249,310.41885,341.84,367.63,428.37095,537.84745,568.5715,628.607,704.53425,837.31865,924.5467,1018.83775,1055.56535,1149.8564,1175.9895,1250.151,1317.60265,1383.28855,1589.52815,1630.8467,1792.5894,1842.0304,1860.923925,1876.886305,1835.285588,1858.557976,1901.751952,1986.785303,1758.475417,1881.769863
INTL.26-2-BHS-BCF.A,        The Bahamas,0,0,0,0,0,0,0,0,0,0,0,0,0,0,0,0,0,0,0,0,0,0,0,0,0,0,0,0,0,0,0,0,0,0,0,0,0,0.002,0.137,0.156,0.257,0.486
INTL.26-2-TLS-BCF.A,        Timor-Leste,--,--,--,--,--,--,--,--,--,--,--,--,--,--,--,--,--,--,--,--,--,--,--,0,0,0,0,0,0,0,0,0,0,0,0,0,0,0,0,0,0,0
INTL.26-2-TGO-BCF.A,        Togo,0,0,0,0,0,0,0,0,0,0,0,0,0,0,0,0,0,0,0,0,0,0,0,0,0,0,0,0,0,0,0,0,0,0,0,0.843528,0.35147,1.370733,1.581615,3.472664188,3.4936118,3.444406
INTL.26-2-TON-BCF.A,        Tonga,0,0,0,0,0,0,0,0,0,0,0,0,0,0,0,0,0,0,0,0,0,0,0,0,0,0,0,0,0,0,0,0,0,0,0,0,0,0,0,0,0,0
INTL.26-2-TTO-BCF.A,        Trinidad and Tobago,81,81,102,127,192,216,152,143,154,162,177,201,194.2325,218,249.68,268.04,302.64955,328.4295,328.4295,336.9051,354.20945,396.9406,423.0737,509.59545,471.8084,534.31595,713.00985,715.12875,774.8111,740.2024,823.5458,835.90605,804.82885,885.7002,684.5308111,678.0980489,606.4927563,615.4199835,622.4515913,631.4671383,573.7733631,576.3092844
INTL.26-2-TUN-BCF.A,        Tunisia,13,14,18,20,35,42,39,45,39,55,54,15.8745,29.8286,52.97,68.86,57.56,66.74535,90.75955,103.8261,105.945,108.7702,135.25645,135.6096,130.31235,130.6655,151.8545,134.197,99.94145,154.32655,108.0639,115.8332,116.89265,132.43125,145.14465,160.718565,160.506675,169.5472382,180.636054,183.9641235,186.4595605,178.2738629,187.1604339
INTL.26-2-TUR-BCF.A,        Turkey,0,0,1,2.5,1.4,2,16,26,43,114,122.47242,149.629655,163.64971,181.87225,192.32549,248.229135,290.07741,346.087,365.545565,442.42632,523.898025,563.06236,621.12022,748.007015,792.574545,966.748125,1101.227645,1292.493685,1294.118175,1240.086225,1346.455005,1578.08609,1598.14501,1621.59417,1720.75869,1697.30953,1638.439925,1892.811709,1742.644394,1586.986661,1691.153793,2091.877534
INTL.26-2-TKM-BCF.A,        Turkmenistan,--,--,--,--,--,--,--,--,--,--,--,--,141.26,144.79,148.32,169.51,169.51,162.449,155.386,197.764,261.331,339.024,406.1225,554.4455,585.16955,628.607,440.0249,409.654,289.583,627.9007,756.09415,907.94865,1068.27875,1085.22995,1094.765,1407.72653,1407.72653,1388.399603,1388.399603,1419.674529,1451.136998,1540.990058
INTL.26-2-TCA-BCF.A,        Turks and Caicos Islands,0,0,0,0,0,0,0,0,0,0,0,0,0,0,0,0,0,0,0,0,0,0,0,0,0,0,0,0,0,0,0,0,0,0,0,0,0,0,0,0,0,0
INTL.26-2-TUV-BCF.A,        Tuvalu,0,0,0,0,0,0,0,0,0,0,0,0,0,0,0,0,0,0,0,0,0,0,0,0,0,0,0,0,0,0,0,0,0,0,0,0,0,0,0,0,0,0
INTL.26-2-USIQ-BCF.A,        U.S. Pacific Islands,0,0,0,0,0,0,0,0,0,0,0,0,0,0,0,0,0,0,0,0,0,0,0,0,0,0,0,0,0,0,0,0,0,0,0,0,0,0,0,0,0,0
none,        U.S. Territories,,,,,,,,,,,,,,,,,,,,,,,,,,,,,,,,,,,,,,,,,,
INTL.26-2-VIR-BCF.A,        U.S. Virgin Islands,0,0,0,0,0,0,0,0,0,0,0,0,0,0,0,0,0,0,0,0,0,0,0,0,0,0,0,0,0,0,0,0,0,0,0,0,0,0,0,0,0,0
INTL.26-2-UGA-BCF.A,        Uganda,0,0,0,0,0,0,0,0,0,0,0,0,0,0,0,0,0,0,0,0,0,0,0,0,0,0,0,0,0,0,0,0,0,0,0,0,0,0,0,0,0,0
INTL.26-2-UKR-BCF.A,        Ukraine,--,--,--,--,--,--,--,--,--,--,--,--,3503.25,3870.52,3326.67,2969.99,2934.68,2832.263,2606.247,2754.57,2779.2905,2616.8415,2779.2905,3022.964,2549.743,2553.2745,2616.8415,2888.767,2853.452,1559.5104,1892.884,2281.349,1862.15995,1709.246,1416.1315,1171.928275,1136.109214,1092.036468,1096.268799,1002.643588,1041.293655,918.3735981
INTL.26-2-ARE-BCF.A,        United Arab Emirates,105,134,91,182,241,377,431,580,621,702,663,790,902,797.551,765.28,875.46,958.80225,1024.135,1073.22285,1093.70555,1109.95045,1147.0312,1286.8786,1337.7322,1420.01615,1456.74375,1521.72335,1736.43855,2099.1236,2068.717385,2137.9701,2394.816095,2306.7758,2355.15735,2342.02017,2621.818538,2637.780783,2630.329381,2338.969327,2609.363738,2650.749964,2672.439599
INTL.26-2-GBR-BCF.A,        United Kingdom,1702,1740,1743,1815,1851,1991,2020,2079,1972,1951,2059,2218,2170.071435,2412.36765,2542.33,2689.59,3182.23465,3013.0758,3071.6987,3258.8682,3373.2888,3337.9738,3379.29235,3358.4565,3513.8425,3375.76085,3212.9587,3244.0359,3352.45295,3109.8389,3502.435755,2921.39806,2761.315165,2726.706465,2479.842326,2543.71237,2865.500461,2786.643826,2780.068351,2726.467656,2583.745213,2673.215379
INTL.26-2-USA-BCF.A,        United States,19877.293,19403.858,18001.055,16834.912,17950.527,17280.943,16221.296,17210.809,18029.585,19118.997,19173.556,19562.067,20228.228,20789.842,21247.098,22206.889,22609.08,22737.34229,22245.95619,22405.15086,23333.12075,22238.62389,23027.02114,22276.50193,22402.54554,22014.43417,21699.07122,23103.79272,23277.00769,22910.07788,24086.79674,24477.42508,25538.48668,26155.0713,26593.37544,27243.858,27444.22049,27139.69891,30138.92983,31132.04055,30513.45322,30664.95149
INTL.26-2-URY-BCF.A,        Uruguay,0,0,0,0,0,0,0,0,0,0,0,0,0,0,0,0,0,0,0,0.7063,1.4126,1.4126,0.7063,2.1189,4.2378,3.17835,4.2378,3.17835,2.47205,1.4126,2.8252,2.8252,2.1189,2.1189,1.953903689,1.988639754,2.249160246,2.540074795,1.941412887,3.420731239,2.105412129,3.059208682
INTL.26-2-UZB-BCF.A,        Uzbekistan,--,--,--,--,--,--,--,--,--,--,--,--,1094.77,1540.81,1228.96,1349.03,1433.79,1454.978,1409.0685,1423.1945,1511.482,1596.238,1642.1475,1669.728515,1772.813,1702.183,1768.92835,1783.019035,1857.569,1631.83552,1614.24865,1812.3658,1804.94965,1638.96915,1814.83785,1700.41725,1465.927642,1520.665427,1521.738816,1508.165793,1468.337247,se|1577
INTL.26-2-VUT-BCF.A,        Vanuatu,0,0,0,0,0,0,0,0,0,0,0,0,0,0,0,0,0,0,0,0,0,0,0,0,0,0,0,0,0,0,0,0,0,0,0,0,0,0,0,0,0,0
INTL.26-2-VEN-BCF.A,        Venezuela,517,572,600,576,610,618,674,657,656,769,760.88,793.48,763.43967,815,876.16,890.22,960.568,993.7641,1110.3036,945.7357,960.568,1119.83865,1003.29915,861.686,960.568,827.92486,918.19,735.576135,785.75875,714.42245,747.75981,807.971885,867.54829,834.8466,837.565855,935.953445,971.9389743,956.3651916,823.1799863,678.7258163,506.2740528,562.96151
INTL.26-2-VNM-BCF.A,        Vietnam,0,0.4,2.3,2.3,2.1,1.4,1.4,1.4,1.1,1.1,1.41,2.47,7.416,8.82875,8.83,25.07,29.31145,8.12245,24.7205,35.315,40.61225,45.9095,79.8119,95.3505,105.945,141.26,201.2955,208.3585,246.4987,250.38335,289.93615,272.27865,293.8208,303.0027,342.5349327,357.6319669,356.0149068,328.6523709,335.3789384,342.5349327,302.9001854,247.5913617
INTL.26-2-WAK-BCF.A,        Wake Island,0,0,0,0,0,0,0,0,0,0,0,0,0,0,0,0,0,0,0,0,0,0,0,0,0,0,0,0,0,0,0,0,0,0,0,0,0,0,0,0,0,0
INTL.26-2-ESH-BCF.A,        Western Sahara,0,0,0,0,0,0,0,0,0,0,0,0,0,0,0,0,0,0,0,0,0,0,0,0,0,0,0,0,0,0,0,0,0,0,0,0,0,0,0,0,0,0
INTL.26-2-YEM-BCF.A,        Yemen,0,0,0,0,0,0,0,0,0,0,0,0,0,0,0,0,0,0,0,0,0,0,0,0,0,0,0,0,0,12.7134,33.54925,23.3079,16.59805,36.0213,17.6575,28.60515,17.2338166,10.2044166,3.1750166,3.1750166,4.2294266,4.2294266
INTL.26-2-ZMB-BCF.A,        Zambia,0,0,0,0,0,0,0,0,0,0,0,0,0,0,0,0,0,0,0,0,0,0,0,0,0,0,0,0,0,0,0,0,0,0,0,0,0,0,0,0,0,0
INTL.26-2-ZWE-BCF.A,        Zimbabwe,0,0,0,0,0,0,0,0,0,0,0,0,0,0,0,0,0,0,0,0,0,0,0,0,0,0,0,0,0,0,0,0,0,0,0,0,0,0,0,0,0,0
